(En millones de dólares);Total Sistema hasta septiembre 2020;Guayaquil hasta septiembre 2020;Variación Banco Guayaquil Monto hasta septiembre 2020;Variación Banco Guayaquil % hasta septiembre 2020;Variación Total Sistema Monto hasta septiembre 2020;"Variación Total Sistema %
 hasta septiembre 2020";Total Sistema hasta diciembre 2023;Guayaquil hasta diciembre 2023;Variación Banco Guayaquil Monto hasta diciembre 2023;Variación Banco Guayaquil % hasta diciembre 2023;Variación Total Sistema Monto hasta diciembre 2023;"Variación Total Sistema %
 hasta diciembre 2023";Total Sistema hasta septiembre 2022;Guayaquil hasta septiembre 2022;Variación Banco Guayaquil Monto hasta septiembre 2022;Variación Banco Guayaquil % hasta septiembre 2022;Variación Total Sistema Monto hasta septiembre 2022;"Variación Total Sistema %
 hasta septiembre 2022";Total Sistema hasta septiembre 2023;Guayaquil hasta septiembre 2023;Variación Banco Guayaquil Monto hasta septiembre 2023;Variación Banco Guayaquil % hasta septiembre 2023;Variación Total Sistema Monto hasta septiembre 2023;"Variación Total Sistema %
 hasta septiembre 2023";Total Sistema hasta diciembre 2022;Guayaquil hasta diciembre 2022;Variación Banco Guayaquil Monto hasta diciembre 2022;Variación Banco Guayaquil % hasta diciembre 2022;Variación Total Sistema Monto hasta diciembre 2022;"Variación Total Sistema %
 hasta diciembre 2022";Total Sistema hasta septiembre 2024;Guayaquil hasta septiembre 2024;Variación Banco Guayaquil Monto hasta septiembre 2024;Variación Banco Guayaquil % hasta septiembre 2024;Variación Total Sistema Monto hasta septiembre 2024;"Variación Total Sistema %
 hasta septiembre 2024";Total Sistema hasta septiembre 2021;Guayaquil hasta septiembre 2021;Variación Banco Guayaquil Monto hasta septiembre 2021;Variación Banco Guayaquil % hasta septiembre 2021;Variación Total Sistema Monto hasta septiembre 2021;"Variación Total Sistema %
 hasta septiembre 2021";Total Sistema hasta marzo 2024;Guayaquil hasta marzo 2024;Variación Banco Guayaquil Monto hasta marzo 2024;Variación Banco Guayaquil % hasta marzo 2024;Variación Total Sistema Monto hasta marzo 2024;"Variación Total Sistema %
 hasta marzo 2024";Total Sistema hasta marzo 2021;Guayaquil hasta marzo 2021;Variación Banco Guayaquil Monto hasta marzo 2021;Variación Banco Guayaquil % hasta marzo 2021;Variación Total Sistema Monto hasta marzo 2021;"Variación Total Sistema %
 hasta marzo 2021";Total Sistema hasta marzo 2020;Guayaquil hasta marzo 2020;Variación Banco Guayaquil Monto hasta marzo 2020;Variación Banco Guayaquil % hasta marzo 2020;Variación Total Sistema Monto hasta marzo 2020;"Variación Total Sistema %
 hasta marzo 2020";Total Sistema hasta marzo 2022;Guayaquil hasta marzo 2022;Variación Banco Guayaquil Monto hasta marzo 2022;Variación Banco Guayaquil % hasta marzo 2022;Variación Total Sistema Monto hasta marzo 2022;"Variación Total Sistema %
 hasta marzo 2022";Total Sistema hasta marzo 2023;Guayaquil hasta marzo 2023;Variación Banco Guayaquil Monto hasta marzo 2023;Variación Banco Guayaquil % hasta marzo 2023;Variación Total Sistema Monto hasta marzo 2023;"Variación Total Sistema %
 hasta marzo 2023";Total Sistema hasta junio 2020;Guayaquil hasta junio 2020;Variación Banco Guayaquil Monto hasta junio 2020;Variación Banco Guayaquil % hasta junio 2020;Variación Total Sistema Monto hasta junio 2020;"Variación Total Sistema %
 hasta junio 2020";Total Sistema hasta junio 2022;Guayaquil hasta junio 2022;Variación Banco Guayaquil Monto hasta junio 2022;Variación Banco Guayaquil % hasta junio 2022;Variación Total Sistema Monto hasta junio 2022;"Variación Total Sistema %
 hasta junio 2022";Total Sistema hasta junio 2024;Guayaquil hasta junio 2024;Variación Banco Guayaquil Monto hasta junio 2024;Variación Banco Guayaquil % hasta junio 2024;Variación Total Sistema Monto hasta junio 2024;"Variación Total Sistema %
 hasta junio 2024";Total Sistema hasta diciembre 2020;Guayaquil hasta diciembre 2020;Variación Banco Guayaquil Monto hasta diciembre 2020;Variación Banco Guayaquil % hasta diciembre 2020;Variación Total Sistema Monto hasta diciembre 2020;"Variación Total Sistema %
 hasta diciembre 2020"
ACTIVO;45370.0;5311.0;181.0;3.5;1119.0;2.5;60759.0;7379.0;492.0;7.1;3873.0;6.8;54592.0;6641.0;139.0;2.1;1912.0;3.6;58729.0;7095.0;194.0;2.8;1181.0;2.1;56886.0;6887.0;523.0;8.2;4487.0;8.6;65659.0;8164.0;345.0;4.4;2442.0;3.9;49947.0;6062.0;175.0;3.0;1397.0;2.9;61102.0;7545.0;165.0;2.2;343.0;0.6;48506.0;5801.0;40.0;0.7;48.0;0.1;44016.0;5068.0;-9.0;-0.2;-567.0;-1.3;53361.0;6536.0;171.0;2.7;962.0;1.8;58130.0;7154.0;267.0;3.9;1243.0;2.2;44251.0;5129.0;61.0;1.2;236.0;0.5;52680.0;6502.0;-34.0;-0.5;-681.0;-1.3;63217.0;7819.0;274.0;3.6;2115.0;3.5;48458.0;5761.0;684.0;13.5;3876.0;8.7
Fondos Disponibles;8260.0;936.0;0.0;0.0;574.0;7.5;8314.0;844.0;-216.0;-20.4;-1186.0;-12.5;7530.0;827.0;-16.0;-1.8;227.0;3.1;7783.0;778.0;-10.0;-1.3;-327.0;-4.0;9500.0;1060.0;49.0;4.9;311.0;3.4;8731.0;910.0;-21.0;-2.2;464.0;5.6;8107.0;879.0;23.0;2.7;-390.0;-4.6;7471.0;797.0;-47.0;-5.6;-843.0;-10.1;9165.0;937.0;-67.0;-6.7;-1094.0;-10.7;6133.0;763.0;-169.0;-18.1;-667.0;-9.8;8256.0;888.0;-123.0;-12.1;-933.0;-10.1;9170.0;915.0;-145.0;-13.7;-330.0;-3.5;7687.0;936.0;173.0;22.7;1553.0;25.3;7303.0;842.0;-46.0;-5.2;-953.0;-11.5;8267.0;931.0;134.0;16.8;796.0;10.7;10259.0;1004.0;72.0;7.7;3459.0;50.9
Fondos Interbancarios Vendidos;0.0;0.0;0.0;0.0;0.0;0.0;0.0;0.0;0.0;0.0;0.0;0.0;0.0;0.0;0.0;0.0;0.0;0.0;0.0;0.0;0.0;0.0;0.0;0.0;0.0;0.0;0.0;0.0;0.0;0.0;0.0;0.0;0.0;0.0;0.0;0.0;0.0;0.0;0.0;0.0;0.0;0.0;0.0;0.0;0.0;0.0;0.0;0.0;0.0;0.0;0.0;0.0;0.0;0.0;5.0;0.0;0.0;0.0;5.0;0.0;0.0;0.0;0.0;0.0;0.0;0.0;0.0;0.0;0.0;0.0;0.0;0.0;0.0;0.0;0.0;0.0;-5.0;-100.0;0.0;0.0;0.0;0.0;0.0;0.0;0.0;0.0;0.0;0.0;0.0;0.0;0.0;0.0;0.0;0.0;0.0;0.0
Inversiones;6969.0;848.0;154.0;22.2;690.0;11.0;8514.0;1114.0;169.0;17.9;1079.0;14.5;7934.0;941.0;-45.0;-4.5;96.0;1.2;7864.0;1066.0;75.0;7.6;175.0;2.3;7435.0;945.0;-33.0;-3.4;-787.0;-9.6;9941.0;1271.0;114.0;9.9;792.0;8.7;8348.0;1063.0;-66.0;-5.8;365.0;4.6;8982.0;1148.0;34.0;3.0;468.0;5.5;8086.0;1135.0;-1.0;-0.1;796.0;10.9;6328.0;741.0;116.0;18.6;75.0;1.2;8716.0;1090.0;113.0;11.5;494.0;6.0;7992.0;1165.0;221.0;23.4;557.0;7.5;6279.0;694.0;-47.0;-6.3;-49.0;-0.8;7837.0;985.0;-105.0;-9.6;-879.0;-10.1;9149.0;1157.0;9.0;0.8;167.0;1.9;7290.0;1136.0;511.0;81.7;1038.0;16.6
Cartera de Crédito neta;26536.0;3176.0;-3.0;-0.1;-277.0;-1.0;39281.0;4978.0;487.0;10.9;3341.0;9.3;35085.0;4471.0;200.0;4.7;1484.0;4.4;38440.0;4807.0;103.0;2.2;939.0;2.5;35939.0;4490.0;498.0;12.5;4611.0;14.7;41587.0;5439.0;216.0;4.1;906.0;2.2;29825.0;3749.0;209.0;5.9;1495.0;5.3;39751.0;5113.0;135.0;2.7;470.0;1.2;27631.0;3375.0;92.0;2.8;353.0;1.3;28049.0;3240.0;36.0;1.1;-130.0;-0.5;32489.0;4158.0;165.0;4.1;1160.0;3.7;36679.0;4662.0;171.0;3.8;739.0;2.1;26814.0;3178.0;-62.0;-1.9;-1235.0;-4.4;33601.0;4272.0;114.0;2.7;1112.0;3.4;40681.0;5223.0;110.0;2.2;929.0;2.3;27278.0;3283.0;78.0;2.4;-900.0;-3.2
Cartera Vigente;27547.0;3256.0;-40.0;-1.2;-522.0;-1.9;40802.0;5051.0;422.0;9.1;3029.0;8.0;36860.0;4611.0;205.0;4.6;1472.0;4.2;39991.0;4885.0;101.0;2.1;918.0;2.3;37773.0;4628.0;498.0;12.1;4765.0;14.4;42916.0;5483.0;211.0;4.0;804.0;1.9;31399.0;3875.0;210.0;5.7;1581.0;5.3;41238.0;5180.0;130.0;2.6;436.0;1.1;29181.0;3513.0;84.0;2.5;364.0;1.3;29255.0;3328.0;75.0;2.3;47.0;0.2;34197.0;4291.0;162.0;3.9;1190.0;3.6;38146.0;4742.0;114.0;2.5;373.0;1.0;28069.0;3297.0;-31.0;-0.9;-1186.0;-4.1;35388.0;4406.0;115.0;2.7;1191.0;3.5;42112.0;5272.0;92.0;1.8;874.0;2.1;28817.0;3429.0;176.0;5.4;-392.0;-1.3
Cartera Vencida;1144.0;113.0;63.0;127.1;324.0;39.5;1328.0;142.0;75.0;111.9;511.0;62.6;779.0;61.0;1.0;2.1;46.0;6.3;1384.0;140.0;6.0;4.2;94.0;7.3;817.0;67.0;21.0;47.1;164.0;25.1;1639.0;143.0;-10.0;-6.5;106.0;6.9;694.0;51.0;2.0;4.2;-67.0;-8.8;1502.0;141.0;-1.0;-0.6;174.0;13.1;734.0;49.0;3.0;6.4;13.0;1.8;790.0;52.0;3.0;5.5;-30.0;-3.7;714.0;55.0;10.0;21.7;61.0;9.4;1248.0;130.0;63.0;94.5;431.0;52.8;820.0;50.0;-3.0;-5.3;30.0;3.7;733.0;59.0;4.0;7.3;20.0;2.7;1533.0;153.0;12.0;8.3;31.0;2.1;721.0;46.0;-4.0;-7.1;-99.0;-12.1
Provisión para Crédito Incobrables;-2154.0;-193.0;-25.0;14.9;-79.0;3.8;-2848.0;-215.0;-10.0;4.9;-198.0;7.5;-2554.0;-200.0;-7.0;3.4;-34.0;1.4;-2934.0;-218.0;-4.0;1.7;-74.0;2.6;-2650.0;-205.0;-22.0;12.2;-318.0;13.7;-2968.0;-186.0;15.0;-7.7;-3.0;0.1;-2268.0;-177.0;-3.0;1.5;-19.0;0.9;-2988.0;-208.0;7.0;-3.1;-140.0;4.9;-2284.0;-187.0;4.0;-2.3;-24.0;1.1;-1997.0;-140.0;-42.0;43.1;-146.0;7.9;-2422.0;-189.0;-7.0;3.6;-91.0;3.9;-2715.0;-211.0;-6.0;3.0;-65.0;2.5;-2076.0;-168.0;-28.0;19.8;-78.0;3.9;-2520.0;-194.0;-5.0;2.5;-98.0;4.0;-2965.0;-201.0;7.0;-3.2;24.0;-0.8;-2260.0;-192.0;-94.0;96.1;-409.0;22.1
Deudores por aceptación;3.0;0.0;0.0;0.0;-7.0;-72.8;50.0;0.0;0.0;0.0;32.0;183.1;8.0;0.0;0.0;0.0;-4.0;-35.0;32.0;0.0;0.0;0.0;1.0;2.1;18.0;0.0;0.0;0.0;17.0;1387.1;21.0;0.0;0.0;-100.0;-8.0;-27.4;4.0;0.0;0.0;0.0;-1.0;-19.2;48.0;0.0;0.0;0.0;-3.0;-5.0;2.0;0.0;0.0;0.0;1.0;48.6;33.0;0.0;0.0;0.0;2.0;6.1;12.0;0.0;0.0;0.0;11.0;889.1;18.0;0.0;0.0;0.0;0.0;1.9;10.0;0.0;0.0;0.0;-23.0;-69.2;13.0;0.0;0.0;0.0;1.0;7.4;28.0;0.0;0.0;0.0;-19.0;-40.4;2.0;0.0;0.0;0.0;-30.0;-95.1
Cuentas por Cobrar;899.0;84.0;7.0;9.0;1.0;0.2;833.0;76.0;9.0;13.3;76.0;10.1;815.0;69.0;5.0;7.7;43.0;5.6;908.0;65.0;-8.0;-10.6;42.0;4.8;756.0;67.0;1.0;0.9;2.0;0.3;1127.0;95.0;12.0;13.9;150.0;15.3;788.0;67.0;4.0;6.1;0.0;0.0;913.0;78.0;2.0;2.8;80.0;9.6;787.0;73.0;2.0;3.3;-91.0;-10.3;621.0;47.0;-7.0;-12.9;57.0;10.2;750.0;65.0;-2.0;-2.4;-4.0;-0.5;842.0;67.0;0.0;0.0;86.0;11.3;898.0;77.0;30.0;63.3;277.0;44.5;772.0;64.0;-1.0;-1.4;22.0;2.9;977.0;83.0;5.0;6.5;64.0;7.0;878.0;71.0;17.0;31.2;314.0;55.7
Bienes Adjudicados por Pago;88.0;4.0;0.0;2.6;11.0;14.3;132.0;32.0;9.0;41.2;26.0;25.0;98.0;22.0;-1.0;-5.7;4.0;3.9;122.0;24.0;0.0;-0.1;26.0;27.9;106.0;23.0;-3.0;-10.3;4.0;3.5;119.0;12.0;-1.0;-8.2;4.0;3.7;110.0;24.0;-1.0;-2.3;1.0;0.5;137.0;32.0;0.0;-1.0;5.0;3.8;90.0;8.0;3.0;51.6;1.0;1.5;75.0;3.0;0.0;7.8;1.0;0.8;95.0;23.0;-3.0;-9.9;-7.0;-7.0;102.0;23.0;0.0;1.8;-4.0;-3.8;77.0;4.0;1.0;26.5;1.0;1.6;94.0;24.0;1.0;5.0;-1.0;-0.6;115.0;13.0;-19.0;-60.3;-22.0;-16.0;88.0;5.0;2.0;86.9;14.0;18.1
Activo Fijo;710.0;128.0;-1.0;-0.6;11.0;1.5;815.0;110.0;0.0;-0.3;-12.0;-1.5;785.0;110.0;-2.0;-1.4;4.0;0.5;802.0;108.0;0.0;-0.1;-11.0;-1.4;827.0;110.0;-1.0;-0.5;31.0;3.9;778.0;112.0;2.0;2.2;-12.0;-1.5;719.0;121.0;-2.0;-1.9;-6.0;-0.8;803.0;109.0;-1.0;-1.1;-12.0;-1.4;716.0;125.0;-2.0;-1.6;6.0;0.9;700.0;130.0;-1.0;-0.8;-4.0;-0.6;791.0;113.0;1.0;1.3;-5.0;-0.7;818.0;109.0;-2.0;-1.4;-10.0;-1.2;700.0;129.0;-1.0;-1.0;-1.0;-0.1;781.0;111.0;-1.0;-1.1;-10.0;-1.3;790.0;109.0;0.0;0.2;-13.0;-1.6;709.0;127.0;-4.0;-2.7;5.0;0.7
Otros Activos;1904.0;135.0;23.0;21.0;116.0;6.5;2820.0;226.0;34.0;17.7;516.0;22.4;2336.0;201.0;-2.0;-0.9;59.0;2.6;2779.0;248.0;34.0;16.1;336.0;13.8;2304.0;192.0;11.0;6.1;299.0;14.9;3356.0;326.0;23.0;7.6;147.0;4.6;2045.0;159.0;8.0;5.6;-68.0;-3.2;2997.0;269.0;43.0;19.1;177.0;6.3;2029.0;148.0;13.0;9.9;75.0;3.9;2071.0;144.0;16.0;12.3;94.0;4.7;2251.0;200.0;19.0;10.4;246.0;12.3;2510.0;212.0;21.0;10.9;206.0;8.9;1788.0;111.0;-33.0;-22.6;-283.0;-13.6;2278.0;203.0;4.0;1.9;27.0;1.2;3209.0;303.0;34.0;12.7;212.0;7.1;1954.0;135.0;7.0;5.4;-23.0;-1.2
PASIVO;40262.0;4789.0;170.0;3.7;1056.0;2.7;54052.0;6622.0;416.0;6.7;3216.0;6.3;48779.0;5998.0;111.0;1.9;1744.0;3.7;52340.0;6369.0;168.0;2.7;1026.0;2.0;50836.0;6206.0;443.0;7.7;3940.0;8.4;58726.0;7385.0;319.0;4.5;2261.0;4.0;44632.0;5487.0;158.0;3.0;1305.0;3.0;54511.0;6817.0;195.0;2.9;458.0;0.8;43381.0;5259.0;33.0;0.6;17.0;0.0;39025.0;4564.0;25.0;0.6;-511.0;-1.3;47845.0;5944.0;182.0;3.2;949.0;2.0;52029.0;6485.0;279.0;4.5;1193.0;2.3;39207.0;4619.0;55.0;1.2;182.0;0.5;47036.0;5888.0;-57.0;-1.0;-809.0;-1.7;56465.0;7066.0;249.0;3.7;1954.0;3.6;43364.0;5226.0;687.0;15.1;3829.0;9.7
Obligaciones con el Publico;34644.0;4016.0;171.0;4.5;1118.0;3.3;46232.0;5569.0;207.0;3.9;2589.0;5.9;41813.0;5091.0;72.0;1.4;883.0;2.2;44490.0;5417.0;154.0;2.9;624.0;1.4;43642.0;5362.0;351.0;7.0;2437.0;5.9;49980.0;6014.0;104.0;1.8;1794.0;3.7;39078.0;4745.0;178.0;3.9;1090.0;2.9;46210.0;5683.0;114.0;2.0;-23.0;0.0;37703.0;4468.0;95.0;2.2;175.0;0.5;33021.0;3730.0;11.0;0.3;-657.0;-2.0;41699.0;5176.0;165.0;3.3;493.0;1.2;44474.0;5552.0;190.0;3.5;831.0;1.9;33527.0;3844.0;114.0;3.1;506.0;1.5;40930.0;5019.0;-157.0;-3.0;-769.0;-1.8;48186.0;5909.0;226.0;4.0;1976.0;4.3;37528.0;4373.0;655.0;17.6;3850.0;11.4
Operaciones Interbancarias;0.0;0.0;0.0;0.0;0.0;0.0;0.0;0.0;0.0;0.0;0.0;0.0;0.0;0.0;0.0;0.0;0.0;0.0;0.0;0.0;0.0;0.0;0.0;0.0;0.0;0.0;0.0;0.0;0.0;0.0;0.0;0.0;0.0;0.0;0.0;0.0;0.0;0.0;0.0;0.0;0.0;0.0;0.0;0.0;0.0;0.0;0.0;0.0;0.0;0.0;0.0;0.0;0.0;0.0;5.0;0.0;0.0;0.0;5.0;0.0;0.0;0.0;0.0;0.0;0.0;0.0;0.0;0.0;0.0;0.0;0.0;0.0;0.0;0.0;0.0;0.0;-5.0;-100.0;0.0;0.0;0.0;0.0;0.0;0.0;0.0;0.0;0.0;0.0;0.0;0.0;0.0;0.0;0.0;0.0;0.0;0.0
Obligaciones Inmediatas;202.0;24.0;3.0;12.0;39.0;23.9;209.0;29.0;-1.0;-3.4;-12.0;-5.4;299.0;58.0;4.0;6.6;21.0;7.4;283.0;36.0;1.0;2.4;3.0;1.1;221.0;30.0;-20.0;-39.6;-1.0;-0.4;175.0;12.0;-9.0;-42.9;10.0;5.8;217.0;42.0;8.0;25.0;-8.0;-3.7;318.0;59.0;29.0;100.7;109.0;52.4;227.0;31.0;7.0;32.1;-69.0;-23.2;151.0;15.0;5.0;45.8;35.0;30.6;341.0;47.0;-3.0;-5.5;120.0;54.0;301.0;42.0;11.0;37.6;80.0;36.4;163.0;21.0;6.0;41.2;12.0;8.0;278.0;55.0;7.0;15.7;-63.0;-18.6;166.0;21.0;-38.0;-64.3;-153.0;-48.0;296.0;23.0;13.0;126.3;181.0;156.5
Aceptaciones en Circulacion;3.0;0.0;0.0;0.0;-7.0;-72.8;50.0;0.0;0.0;0.0;32.0;183.1;8.0;0.0;0.0;0.0;-4.0;-35.0;32.0;0.0;0.0;0.0;1.0;2.1;18.0;0.0;0.0;0.0;17.0;1387.1;21.0;0.0;0.0;-100.0;-8.0;-27.4;4.0;0.0;0.0;0.0;-1.0;-19.2;48.0;0.0;0.0;0.0;-3.0;-5.0;2.0;0.0;0.0;0.0;1.0;48.6;33.0;0.0;0.0;0.0;2.0;6.1;12.0;0.0;0.0;0.0;11.0;889.1;18.0;0.0;0.0;0.0;0.0;1.9;10.0;0.0;0.0;0.0;-23.0;-69.2;13.0;0.0;0.0;0.0;1.0;7.4;28.0;0.0;0.0;0.0;-19.0;-40.4;2.0;0.0;0.0;0.0;-30.0;-95.1
Cuentas por Pagar;1700.0;174.0;33.0;23.1;109.0;6.8;2424.0;253.0;33.0;15.1;268.0;12.5;2065.0;208.0;28.0;15.5;233.0;12.7;2399.0;251.0;20.0;8.9;235.0;10.9;2156.0;220.0;46.0;26.4;310.0;16.8;2666.0;292.0;39.0;15.6;286.0;12.0;1808.0;170.0;13.0;8.0;146.0;8.8;2483.0;250.0;-4.0;-1.4;59.0;2.4;1693.0;157.0;-17.0;-9.6;-25.0;-1.4;1811.0;168.0;-16.0;-8.7;-174.0;-8.8;1959.0;177.0;3.0;2.0;113.0;6.1;2268.0;225.0;6.0;2.5;112.0;5.2;1592.0;142.0;-26.0;-15.5;-219.0;-12.1;1832.0;180.0;3.0;1.7;-127.0;-6.5;2380.0;253.0;3.0;1.2;-103.0;-4.2;1718.0;173.0;-10.0;-5.6;-267.0;-13.5
Obligaciones Financieras;2869.0;535.0;-29.0;-5.1;-177.0;-5.8;3872.0;637.0;135.0;26.8;244.0;6.7;3506.0;569.0;4.0;0.8;540.0;18.2;3788.0;528.0;-8.0;-1.4;76.0;2.0;3628.0;502.0;44.0;9.6;856.0;30.9;4656.0;942.0;188.0;24.9;228.0;5.2;2654.0;458.0;-42.0;-8.3;58.0;2.2;4027.0;693.0;57.0;8.9;155.0;4.0;2884.0;532.0;-59.0;-9.9;-69.0;-2.3;3180.0;596.0;1.0;0.2;273.0;9.4;2784.0;474.0;16.0;3.5;11.0;0.4;3716.0;530.0;28.0;5.5;87.0;2.4;3047.0;564.0;-32.0;-5.4;-134.0;-4.2;2966.0;565.0;91.0;19.2;182.0;6.6;4428.0;754.0;61.0;8.8;401.0;10.0;2953.0;591.0;-4.0;-0.7;45.0;1.6
Valores en Circulacion;150.0;0.0;0.0;0.0;0.0;0.0;386.0;54.0;41.0;304.1;63.0;19.5;259.0;16.0;0.0;0.0;0.0;0.0;420.0;56.0;0.0;0.0;63.0;17.7;323.0;13.0;-4.0;-25.0;193.0;148.2;299.0;44.0;-3.0;-5.7;-30.0;-9.1;151.0;20.0;0.0;0.0;0.0;0.0;378.0;51.0;-3.0;-4.9;-9.0;-2.2;170.0;20.0;0.0;0.0;0.0;0.0;150.0;0.0;0.0;0.0;0.0;0.0;280.0;18.0;0.0;0.0;150.0;115.1;378.0;58.0;45.0;337.4;55.0;16.9;150.0;0.0;0.0;0.0;0.0;0.0;259.0;16.0;-2.0;-12.5;-21.0;-7.5;329.0;46.0;-5.0;-9.5;-49.0;-12.9;170.0;20.0;20.0;497265.0;20.0;13.3
Obligaciones Conv. en Acciones y Aportes;449.0;31.0;0.0;0.1;8.0;1.8;609.0;75.0;0.0;0.0;0.0;-0.1;537.0;50.0;0.0;0.0;14.0;2.7;615.0;75.0;0.0;0.0;8.0;1.3;610.0;75.0;25.0;50.1;98.0;19.1;566.0;75.0;0.0;0.0;-14.0;-2.4;476.0;50.0;0.0;0.0;4.0;0.8;616.0;75.0;0.0;0.0;6.0;1.1;464.0;50.0;6.0;13.8;19.0;4.4;441.0;31.0;0.0;0.0;20.0;4.8;512.0;50.0;0.0;0.0;0.0;0.0;603.0;75.0;0.0;0.0;-7.0;-1.1;441.0;31.0;0.0;0.6;0.0;0.0;523.0;50.0;0.0;0.0;10.0;2.0;580.0;75.0;0.0;0.0;-36.0;-5.9;445.0;44.0;13.0;43.8;24.0;5.8
Otros Pasivos;245.0;9.0;-8.0;-46.0;-33.0;-11.9;268.0;5.0;2.0;55.4;31.0;13.1;293.0;6.0;3.0;91.3;58.0;24.7;312.0;5.0;1.0;20.6;15.0;5.2;237.0;3.0;1.0;80.7;31.0;15.0;363.0;7.0;-1.0;-7.5;-6.0;-1.5;244.0;1.0;0.0;-2.3;16.0;7.1;431.0;6.0;1.0;24.2;163.0;60.5;236.0;2.0;0.0;24.9;-16.0;-6.4;233.0;25.0;24.0;2028.2;-14.0;-5.7;258.0;2.0;0.0;8.2;51.0;24.9;271.0;3.0;0.0;1.4;34.0;14.3;278.0;17.0;-8.0;-31.8;45.0;19.2;235.0;3.0;1.0;56.6;-23.0;-8.9;368.0;7.0;1.0;22.5;-63.0;-14.6;252.0;1.0;0.0;26.9;5.0;2.1
PATRIMONIO;5108.0;522.0;11.0;2.1;63.0;1.3;6706.0;757.0;76.0;11.2;657.0;10.9;5812.0;643.0;29.0;4.7;168.0;3.0;6390.0;726.0;26.0;3.7;154.0;2.5;6050.0;681.0;79.0;13.1;547.0;9.9;6934.0;779.0;26.0;3.5;182.0;2.7;5315.0;575.0;18.0;3.2;92.0;1.8;6591.0;728.0;-29.0;-3.9;-115.0;-1.7;5126.0;542.0;6.0;1.2;31.0;0.6;4991.0;504.0;-35.0;-6.4;-56.0;-1.1;5516.0;591.0;-11.0;-1.8;13.0;0.2;6101.0;669.0;-13.0;-1.9;51.0;0.8;5044.0;511.0;7.0;1.3;53.0;1.1;5644.0;614.0;23.0;3.9;128.0;2.3;6752.0;752.0;24.0;3.4;161.0;2.4;5094.0;535.0;-3.0;-0.6;47.0;0.9
Capital Social;3530.0;428.0;0.0;0.0;2.0;0.0;4562.0;537.0;54.0;11.1;451.0;11.0;4107.0;483.0;0.0;0.0;18.0;0.4;4560.0;537.0;0.0;0.0;190.0;4.4;4111.0;483.0;33.0;7.4;152.0;3.8;5097.0;592.0;0.0;0.0;56.0;1.1;3878.0;450.0;0.0;0.0;34.0;0.9;4602.0;537.0;0.0;0.0;40.0;0.9;3691.0;450.0;22.0;5.1;50.0;1.4;3389.0;392.0;0.0;0.0;2.0;0.1;4018.0;483.0;33.0;7.4;58.0;1.5;4195.0;483.0;0.0;0.0;83.0;2.0;3529.0;428.0;36.0;9.3;139.0;4.1;4089.0;483.0;0.0;0.0;71.0;1.8;5042.0;592.0;55.0;10.2;440.0;9.6;3641.0;428.0;36.0;9.3;254.0;7.5
Primas o Dsctos Colocacion Acciones;2.0;0.0;0.0;0.0;0.0;0.0;1.0;0.0;0.0;0.0;0.0;0.0;1.0;0.0;0.0;0.0;0.0;0.0;1.0;0.0;0.0;0.0;0.0;0.0;1.0;0.0;0.0;0.0;-1.0;-52.2;1.0;0.0;0.0;0.0;0.0;0.0;2.0;0.0;0.0;0.0;0.0;0.0;1.0;0.0;0.0;0.0;0.0;0.0;2.0;0.0;0.0;0.0;0.0;0.0;2.0;0.0;0.0;0.0;0.0;0.0;2.0;0.0;0.0;0.0;0.0;0.0;1.0;0.0;0.0;0.0;0.0;0.0;2.0;0.0;0.0;0.0;0.0;0.0;1.0;0.0;0.0;0.0;-1.0;-52.2;1.0;0.0;0.0;0.0;0.0;0.0;2.0;0.0;0.0;0.0;0.0;0.0
Reservas;976.0;69.0;0.0;0.0;-2.0;-0.2;1064.0;91.0;11.0;13.7;115.0;12.2;949.0;80.0;0.0;0.0;-14.0;-1.4;929.0;91.0;0.0;0.0;-195.0;-17.3;948.0;80.0;7.0;10.2;125.0;15.2;986.0;103.0;0.0;0.0;-44.0;-4.3;901.0;73.0;0.0;0.0;-30.0;-3.2;1440.0;158.0;67.0;73.5;376.0;35.3;1051.0;73.0;3.0;4.8;118.0;12.7;1081.0;106.0;44.0;72.4;330.0;44.0;1023.0;80.0;7.0;10.2;200.0;24.3;1261.0;145.0;65.0;80.7;313.0;33.0;978.0;69.0;-36.0;-34.4;-103.0;-9.5;963.0;80.0;0.0;0.0;-60.0;-5.9;1030.0;103.0;-55.0;-34.6;-410.0;-28.5;933.0;69.0;8.0;13.2;183.0;24.3
Otros Aportes Patrimoniales;2.0;0.0;0.0;0.0;0.0;0.2;2.0;0.0;0.0;0.0;0.0;0.7;2.0;0.0;0.0;0.0;0.0;0.0;2.0;0.0;0.0;0.0;0.0;0.0;2.0;0.0;0.0;0.0;0.0;1.1;2.0;0.0;0.0;0.0;0.0;0.0;2.0;0.0;0.0;0.0;0.0;0.1;2.0;0.0;0.0;0.0;0.0;0.2;2.0;0.0;0.0;0.0;0.0;0.0;2.0;0.0;0.0;0.0;0.0;0.0;2.0;0.0;0.0;0.0;0.0;0.0;2.0;0.0;0.0;0.0;0.0;0.7;2.0;0.0;0.0;0.0;0.0;0.0;2.0;0.0;0.0;0.0;0.0;0.0;2.0;0.0;0.0;0.0;0.0;0.0;2.0;0.0;0.0;0.0;0.0;0.2
Superavit por Valuaciones;227.0;4.0;0.0;-3.0;29.0;14.7;301.0;7.0;-1.0;-9.3;22.0;7.8;228.0;6.0;0.0;-4.5;-15.0;-6.2;295.0;8.0;0.0;-0.1;4.0;1.4;279.0;8.0;3.0;53.8;2.0;0.8;353.0;7.0;0.0;-1.2;9.0;2.7;216.0;5.0;1.0;27.8;-2.0;-0.7;324.0;7.0;0.0;-0.2;23.0;7.7;204.0;5.0;1.0;14.8;-15.0;-6.8;186.0;5.0;0.0;0.7;-69.0;-27.1;270.0;5.0;0.0;2.5;-8.0;-2.7;288.0;8.0;0.0;-2.3;9.0;3.1;198.0;5.0;0.0;-6.8;12.0;6.7;243.0;6.0;1.0;10.8;-27.0;-9.9;343.0;7.0;0.0;-1.3;19.0;5.9;219.0;4.0;0.0;-9.3;-36.0;-14.1
Resultados;370.0;20.0;11.0;128.1;34.0;10.2;776.0;122.0;12.0;11.0;68.0;9.6;526.0;73.0;29.0;64.9;179.0;51.8;603.0;90.0;26.0;41.2;155.0;34.5;708.0;110.0;35.0;47.5;269.0;61.2;495.0;76.0;26.0;52.8;161.0;48.2;317.0;47.0;17.0;55.1;89.0;39.1;223.0;25.0;-96.0;-79.2;-554.0;-71.3;176.0;14.0;-19.0;-57.6;-122.0;-40.9;332.0;2.0;-79.0;-97.9;-320.0;-49.1;202.0;22.0;-52.0;-70.0;-238.0;-54.1;354.0;32.0;-77.0;-70.5;-354.0;-50.0;336.0;9.0;7.0;405.4;4.0;1.3;346.0;45.0;22.0;99.4;145.0;71.8;334.0;50.0;25.0;96.8;112.0;50.2;298.0;33.0;-47.0;-58.8;-353.0;-54.3
Utilidad o Pérdida Acumulado;196.0;0.0;0.0;0.0;1.0;0.6;39.0;0.0;0.0;48030880.0;-6.0;-12.4;42.0;0.0;0.0;0.0;-2.0;-4.1;35.0;0.0;0.0;0.0;-23.0;-39.1;44.0;0.0;0.0;0.0;-8.0;-14.7;26.0;0.0;0.0;0.0;-16.0;-38.4;54.0;0.0;0.0;0.0;0.0;0.0;77.0;0.0;0.0;-100.0;39.0;99.3;95.0;0.0;0.0;0.0;30.0;46.4;233.0;0.0;0.0;0.0;198.0;560.3;55.0;0.0;0.0;0.0;3.0;5.9;166.0;0.0;0.0;48030880.0;121.0;273.6;195.0;0.0;0.0;0.0;-38.0;-16.5;44.0;0.0;0.0;0.0;-11.0;-20.1;42.0;0.0;0.0;0.0;-36.0;-46.0;65.0;0.0;0.0;0.0;29.0;83.4
Resultados del Ejercicio;174.0;20.0;11.0;128.1;33.0;23.4;738.0;122.0;12.0;10.9;74.0;11.1;484.0;73.0;29.0;64.9;181.0;59.9;568.0;90.0;26.0;41.2;177.0;45.4;664.0;110.0;35.0;47.5;276.0;71.3;469.0;76.0;26.0;52.8;177.0;60.6;263.0;47.0;17.0;55.1;89.0;51.3;145.0;25.0;-96.0;-79.2;-593.0;-80.3;81.0;14.0;-19.0;-57.6;-152.0;-65.2;98.0;2.0;-79.0;-97.9;-518.0;-84.0;147.0;22.0;-52.0;-70.0;-241.0;-62.2;188.0;32.0;-77.0;-70.6;-475.0;-71.6;141.0;9.0;7.0;405.4;43.0;43.7;302.0;45.0;22.0;99.4;156.0;106.3;292.0;50.0;25.0;96.8;147.0;101.6;233.0;33.0;-47.0;-58.8;-383.0;-62.2
TOTAL PASIVO + PATRIMONIO;45370.0;5311.0;181.0;3.5;1119.0;2.5;0.0;0.0;0.0;0.0;1.0;-100.0;54592.0;6641.0;139.0;2.1;1912.0;3.6;58729.0;7095.0;194.0;2.8;1180.0;2.1;56886.0;6887.0;523.0;8.2;4487.0;8.6;0.0;0.0;0.0;0.0;0.0;0.0;49947.0;6062.0;175.0;3.0;1397.0;2.9;0.0;0.0;0.0;0.0;0.0;0.0;48506.0;5801.0;40.0;0.7;48.0;0.1;44016.0;5068.0;-9.0;-0.2;-567.0;-1.3;53361.0;6536.0;171.0;2.7;962.0;1.8;58130.0;7154.0;267.0;3.9;1243.0;2.2;44251.0;5129.0;61.0;1.2;236.0;0.5;52680.0;6502.0;-34.0;-0.5;-681.0;-1.3;0.0;0.0;0.0;0.0;0.0;0.0;48458.0;5761.0;684.0;13.5;3876.0;8.7
CONTINGENTES NETOS;12416.0;1607.0;23.0;1.4;-304.0;-2.4;60759.0;7379.0;492.0;7.1;3873.0;6.8;16129.0;1822.0;64.0;3.6;640.0;4.1;17472.0;2006.0;26.0;1.3;149.0;0.9;16562.0;1895.0;221.0;13.2;2407.0;17.0;65659.0;8164.0;345.0;4.4;2442.0;3.9;13345.0;1493.0;-33.0;-2.2;546.0;4.3;61102.0;7545.0;165.0;2.2;343.0;0.6;12916.0;1632.0;44.0;2.8;389.0;3.1;13195.0;1723.0;70.0;4.3;295.0;2.3;14571.0;1776.0;102.0;6.1;416.0;2.9;17027.0;1937.0;42.0;2.2;466.0;2.8;12721.0;1584.0;-139.0;-8.1;-475.0;-3.6;15488.0;1758.0;-18.0;-1.0;917.0;6.3;63217.0;7819.0;274.0;3.6;2115.0;3.5;12526.0;1588.0;-64.0;-3.9;-374.0;-2.9
TOTAL ACTIVOS + CONTINGEN. NETOS;57787.0;6917.0;204.0;3.0;815.0;1.4;17554.0;2032.0;138.0;7.3;993.0;6.0;70720.0;8463.0;203.0;2.5;2552.0;3.7;76201.0;9101.0;221.0;2.5;1329.0;1.8;73447.0;8782.0;744.0;9.3;6894.0;10.4;19606.0;2307.0;23.0;1.0;146.0;0.8;63292.0;7555.0;142.0;1.9;1943.0;3.2;18851.0;2282.0;-4.0;-0.2;156.0;0.8;61422.0;7433.0;83.0;1.1;437.0;0.7;57211.0;6791.0;61.0;0.9;-271.0;-0.5;67932.0;8312.0;273.0;3.4;1378.0;2.1;75157.0;9091.0;309.0;3.5;1709.0;2.3;56972.0;6713.0;-77.0;-1.1;-239.0;-0.4;68168.0;8260.0;-52.0;-0.6;236.0;0.3;19460.0;2284.0;2.0;0.1;610.0;3.2;60985.0;7350.0;620.0;9.2;3502.0;6.1
;;;;;;;78313.0;9412.0;630.0;7.2;4866.0;6.6;;;;;;;;;;;;;;;;;;;85266.0;10471.0;368.0;3.6;2588.0;3.1;;;;;;;79953.0;9827.0;161.0;1.7;499.0;0.6;;;;;;;;;;;;;;;;;;;;;;;;;;;;;;;;;;;;;82677.0;10103.0;276.0;2.8;2725.0;3.4;;;;;;
